image,prediction
1.jpg,fire
10.jpg,nofire
100.jpg,nofire
101.jpg,nofire
102.jpg,fire
103.jpg,nofire
104.jpg,nofire
105.jpg,fire
106.jpg,fire
107.jpg,fire
108.jpg,nofire
109.jpg,nofire
11.jpeg,fire
110.jpg,nofire
111.jpg,nofire
112.jpg,nofire
113.jpg,nofire
114.jpg,nofire
115.jpg,fire
116.jpg,fire
117.jpg,nofire
118.jpg,nofire
119.jpg,fire
12.jpg,fire
120.jpg,fire
121.jpg,fire
122.jpeg,nofire
123.jpg,nofire
124.jpg,fire
125.jpg,fire
126.jpg,fire
127.jpg,fire
128.png,nofire
129.jpg,nofire
13.jpg,nofire
130.jpg,fire
131.jpg,fire
132.jpg,fire
133.jpg,nofire
134.jpg,nofire
135.jpg,fire
136.jpg,nofire
137.jpg,fire
138.jpg,fire
139.jpg,nofire
14.jpg,nofire
140.jpg,nofire
141.jpg,nofire
142.jpg,fire
143.jpg,nofire
144.jpg,nofire
145.jpg,nofire
146.jpg,nofire
147.jpg,fire
148.jpg,fire
149.jpg,fire
15.jpg,fire
150.jpg,nofire
151.jpg,nofire
152.jpg,nofire
153.jpg,fire
154.jpg,nofire
155.jpg,nofire
156.jpeg,nofire
157.jpg,fire
158.jpg,nofire
159.jpg,nofire
16.jpg,nofire
160.jpg,nofire
161.jpg,fire
162.jpg,nofire
163.jpg,nofire
164.jpg,fire
165.jpg,fire
166.jpg,nofire
167.jpg,fire
168.jpg,nofire
169.jpg,fire
17.jpg,fire
170.jpg,fire
171.jpg,nofire
172.jpg,nofire
173.png,nofire
174.jpg,nofire
175.jpg,nofire
176.jpg,fire
177.jpg,nofire
178.jpg,nofire
179.jpg,fire
18.jpg,nofire
180.jpg,fire
181.jpg,nofire
182.jpg,fire
183.jpg,nofire
184.jpg,nofire
185.jpg,nofire
186.jpg,nofire
187.jpg,nofire
188.jpg,fire
189.jpg,fire
19.jpg,nofire
190.jpg,nofire
191.jpg,nofire
192.jpg,nofire
193.jpg,nofire
194.jpg,fire
195.jpg,nofire
196.jpg,nofire
197.png,fire
198.jpg,nofire
199.jpg,nofire
2.jpg,nofire
20.jpg,nofire
200.jpg,fire
201.jpg,fire
202.jpg,nofire
203.jpg,nofire
204.jpg,nofire
205.jpg,nofire
206.jpg,fire
207.JPG,nofire
208.jpg,fire
209.jpg,fire
21.jpg,nofire
210.jpg,nofire
211.jpg,nofire
212.jpg,nofire
213.jpg,nofire
214.jpg,nofire
215.jpg,fire
216.jpg,nofire
217.jpg,nofire
218.jpg,nofire
219.jpg,nofire
22.jpg,nofire
220.jpg,fire
221.jpg,fire
222.jpg,fire
223.jpg,fire
224.jpg,nofire
225.jpg,fire
226.jpg,nofire
227.jpg,nofire
228.jpg,fire
229.jpg,nofire
23.jpg,fire
230.jpg,nofire
231.jpg,nofire
232.jpg,nofire
233.jpg,nofire
234.JPG,nofire
235.jpg,fire
236.jpg,nofire
237.jpg,nofire
238.jpg,nofire
239.jpg,nofire
24.jpg,fire
240.jpg,nofire
241.jpg,nofire
242.jpg,nofire
243.jpg,fire
244.jpg,fire
245.jpg,nofire
246.jpg,nofire
247.jpg,nofire
248.jpg,fire
249.jpg,fire
25.jpg,fire
250.jpg,nofire
251.jpg,nofire
252.jpg,nofire
253.jpg,nofire
254.jpg,fire
255.jpg,fire
256.jpg,fire
257.jpg,nofire
258.jpg,nofire
259.jpg,nofire
26.jpg,nofire
260.jpg,nofire
261.jpg,nofire
262.jpg,nofire
263.jpg,fire
264.jpg,fire
265.jpg,fire
266.jpg,nofire
267.jpg,nofire
268.jpg,fire
269.jpg,nofire
27.jpg,fire
270.jpg,nofire
271.jpg,nofire
272.jpg,nofire
273.jpg,nofire
274.jpg,fire
275.jpg,nofire
276.jpg,nofire
277.jpg,nofire
278.jpg,nofire
279.jpg,fire
28.jpg,nofire
280.jpg,nofire
281.jpg,fire
282.jpg,nofire
283.jpg,nofire
284.jpg,nofire
285.jpg,nofire
286.jpg,nofire
287.png,fire
288.jpg,fire
289.jpg,nofire
29.jpg,nofire
290.jpg,fire
291.jpg,nofire
292.jpg,nofire
293.jpeg,nofire
294.jpg,nofire
295.jpg,nofire
296.jpg,fire
3.jpg,nofire
30.jpg,fire
31.jpg,fire
32.jpg,nofire
33.jpg,fire
34.jpg,nofire
35.jpg,nofire
36.jpg,nofire
37.jpg,nofire
38.jpg,fire
39.jpg,fire
4.jpg,nofire
40.jpg,fire
41.jpg,nofire
42.jpg,fire
43.jpg,fire
44.jpg,nofire
45.jpg,nofire
46.jpg,fire
47.jpg,nofire
48.jpg,nofire
49.jpg,nofire
5.jpg,fire
50.jpg,nofire
51.png,nofire
52.jpg,nofire
53.jpg,nofire
54.jpg,nofire
55.jpg,nofire
56.jpg,nofire
57.jpg,nofire
58.jpg,nofire
59.jpg,fire
6.jpg,fire
60.jpg,nofire
61.jpg,fire
62.jpg,nofire
63.jpg,fire
64.jpg,fire
65.jpg,fire
66.jpg,nofire
67.jpg,nofire
68.jpg,nofire
69.jpg,nofire
7.jpg,nofire
70.jpg,fire
71.jpg,nofire
72.jpg,nofire
73.jpg,nofire
74.jpg,nofire
75.jpg,fire
76.jpg,nofire
77.jpg,nofire
78.jpg,nofire
79.jpg,fire
8.jpg,fire
80.jpg,nofire
81.jpg,nofire
82.jpg,nofire
83.jpg,nofire
84.jpg,fire
85.jpg,nofire
86.jpg,nofire
87.jpg,fire
88.jpg,fire
89.jpg,nofire
9.jpg,nofire
90.jpg,fire
91.jpg,nofire
92.jpg,nofire
93.jpg,fire
94.jpg,nofire
95.jpg,nofire
96.jpg,nofire
97.jpg,nofire
98.jpg,fire
99.jpg,nofire
